{"episode": 36, "episode_rewards": [122.04000000000042, 119.17000000000024, 103.65000000000032, 167.6700000000001, 122.11000000000041, 156.1700000000003, 186.72000000000017, 95.96000000000019, 111.24000000000056, 103.81000000000013, 135.51000000000045, 148.6100000000002, 107.2800000000003, 158.48000000000033, 164.21000000000018, 88.43000000000028, 106.35000000000007, 298.5599999999975, 146.56000000000014, 131.15000000000015, 169.1700000000005, 135.09000000000023, 138.38000000000022, 278.6099999999986, 151.95000000000016, 257.6200000000001, 93.88000000000011, 93.36000000000001, 162.93000000000032, 167.90000000000032, 98.90000000000018, 143.14000000000007, 180.65000000000003, 82.75000000000028, 114.04000000000029], "episode_steps": [471, 295, 230, 344, 244, 306, 381, 191, 233, 204, 272, 296, 211, 309, 332, 178, 212, 641, 307, 260, 334, 270, 271, 556, 298, 511, 187, 185, 334, 333, 195, 279, 354, 164, 227], "best_avg_reward": 100.05857142857153, "avg_reward": 144.05857142857153, "epsilon": 0.00998645168764533, "timestamp": "2025-03-27 23:59:46"}