{"episode": 6, "episode_rewards": [129.50000000000244, 63.34999999999992, 109.30000000000167, 148.10000000000275, 78.2000000000005], "episode_steps": [941, 498, 809, 1000, 599], "avg_reward": 105.69000000000146, "epsilon": 0.00998645168764533, "timestamp": "2025-03-27 01:51:43"}