{"episode": 24, "episode_rewards": [148.10000000000275, 54.399999999999594, 30.2499999999998, 70.00000000000018, 28.14999999999982, 30.999999999999794, 68.05000000000011, 54.699999999999605, 22.599999999999874, 96.10000000000117, 148.45000000000277, 46.599999999999646, 27.49999999999983, 108.55000000000165, 147.90000000000276, 44.34999999999967, 34.29999999999976, 27.849999999999824, 10.40000000000002, 25.449999999999847, 51.0999999999996, 148.30000000000277, 148.10000000000275], "episode_steps": [1000, 443, 282, 547, 268, 287, 534, 445, 231, 721, 1000, 391, 265, 804, 1000, 376, 309, 266, 205, 250, 421, 1000, 1000], "avg_reward": 68.35652173913103, "epsilon": 0.00998645168764533, "timestamp": "2025-03-26 23:38:07"}