{"episode": 46, "episode_rewards": [179.2600000000001, 95.68000000000025, 259.93000000000086, 100.94999999999996, 57.349999999999994, 135.48000000000042, 270.20999999999975, 124.25000000000027, 103.99000000000036, 112.84999999999992, 93.49000000000014, 135.19999999999982, 163.59000000000012, 183.54000000000016, 114.09000000000006, 94.8600000000002, 151.30999999999983, 277.97999999999774, 112.46000000000012, 92.66000000000015, 179.23000000000093, 196.65000000000003, 129.96000000000012, 234.00000000000014, 92.58000000000041, 151.79000000000016, 95.49000000000005, 123.44000000000018, 138.0200000000002, 127.91000000000005, 107.37, 138.74000000000026, 92.71999999999991, 122.95000000000034, 305.3199999999988, 215.8600000000009, 90.65000000000016, 219.61000000000033, 239.4700000000006, 169.25, 130.16999999999993, 97.03000000000026, 223.59000000000097, 248.6500000000012, 241.00000000000185], "episode_steps": [475, 186, 501, 193, 111, 273, 570, 260, 211, 211, 185, 264, 340, 356, 226, 193, 295, 649, 225, 186, 346, 420, 255, 527, 210, 316, 199, 262, 273, 241, 206, 281, 188, 245, 662, 414, 180, 435, 459, 336, 273, 194, 429, 486, 483], "best_avg_reward": 179.2600000000001, "avg_reward": 154.901777777778, "epsilon": 0.00998645168764533, "timestamp": "2025-03-28 00:39:06"}