{"episode": 101, "episode_rewards": [179.2600000000001, 95.68000000000025, 259.93000000000086, 100.94999999999996, 57.349999999999994, 135.48000000000042, 270.20999999999975, 124.25000000000027, 103.99000000000036, 112.84999999999992, 93.49000000000014, 135.19999999999982, 163.59000000000012, 183.54000000000016, 114.09000000000006, 94.8600000000002, 151.30999999999983, 277.97999999999774, 112.46000000000012, 92.66000000000015, 179.23000000000093, 196.65000000000003, 129.96000000000012, 234.00000000000014, 92.58000000000041, 151.79000000000016, 95.49000000000005, 123.44000000000018, 138.0200000000002, 127.91000000000005, 107.37, 138.74000000000026, 92.71999999999991, 122.95000000000034, 305.3199999999988, 215.8600000000009, 90.65000000000016, 219.61000000000033, 239.4700000000006, 169.25, 130.16999999999993, 97.03000000000026, 223.59000000000097, 248.6500000000012, 241.00000000000185, 165.1800000000002, 206.9500000000008, 83.52999999999993, 154.6800000000005, 61.299999999999955, 138.07999999999996, 107.47000000000023, 203.90000000000083, 242.96000000000146, 98.43999999999991, 163.54000000000013, 253.96000000000078, 87.91000000000022, 147.38999999999982, 95.1099999999999, 222.64999999999998, 246.19000000000003, 229.15000000000046, 100.92000000000003, 242.54000000000102, 85.67000000000003, 110.23000000000006, 84.11000000000006, 228.59000000000074, 111.50000000000027, 142.16000000000008, 161.54000000000033, 94.59000000000032, 220.58000000000087, 120.4600000000002, 189.0400000000005, 186.00000000000023, 92.78000000000004, 106.67000000000021, 107.41000000000021, 115.68000000000015, 187.95000000000084, 190.57999999999956, 263.79000000000093, 113.52999999999994, 234.75000000000136, 246.57000000000065, 115.8100000000003, 324.29999999999995, 129.60000000000025, 217.73000000000056, 83.44999999999979, 295.21999999999986, 218.3300000000007, 135.66999999999985, 182.39000000000115, 212.62000000000046, 94.52000000000031, 165.2599999999996, 128.57000000000033], "episode_steps": [475, 186, 501, 193, 111, 273, 570, 260, 211, 211, 185, 264, 340, 356, 226, 193, 295, 649, 225, 186, 346, 420, 255, 527, 210, 316, 199, 262, 273, 241, 206, 281, 188, 245, 662, 414, 180, 435, 459, 336, 273, 194, 429, 486, 483, 478, 403, 166, 298, 119, 273, 217, 419, 496, 189, 340, 515, 176, 302, 187, 453, 498, 454, 193, 471, 173, 215, 167, 445, 220, 268, 328, 197, 450, 235, 361, 378, 176, 219, 222, 228, 391, 386, 505, 220, 447, 483, 233, 652, 255, 420, 178, 575, 426, 258, 353, 440, 191, 326, 249], "best_avg_reward": 179.2600000000001, "avg_reward": 159.20080000000024, "epsilon": 0.00998645168764533, "timestamp": "2025-03-28 01:04:42"}